ACCOUNT_NO.,ACCOUNT_NAME,SCHEME_TYPE,CLS_BALANCE,AMOUNT,INT_RATE,ACCT_OPEN_DATE  OPEN_EFFECTIVE_DATE,MATURITY_DATE,CRNCY,USD_AMOUNT
50010010002950,FBNQUEST MERCHANT BANK LIMITED,ODA,"20,631.18",-20631.18,0,2/14/2019,2022-07-14,USD,-20631.18
50010010003599,GLOBUS BANK LIMITED,ODA,"859,609.49",-859609.49,0.01,1/29/2020,2022-07-14,USD,-859609.49
50010010003759,MKOMBOZI COMMERCIAL BANK LIMIT,ODA,"1,168,723.52",-1168723.52,0.01,3/12/2020,2022-07-14,USD,-1168723.52
50010010003766,MKOMBOZI COMMERCIAL BANK LIMIT,ODA,"46,317.89",-46317.89,0.3,3/12/2020,2022-07-14,EUR,-46104.827706
50010010003773,MKOMBOZI COMMERCIAL BANK LIMIT,ODA,"8,599.30",-8599.3,0.3,3/12/2020,2022-07-14,GBP,-7229.431509999999
50010010003933,SIDIAN BANK LIMITED,ODA,974.1,-974.1,0.01,6/11/2020,2022-07-14,USD,-974.1
50010010004220,GLOBUS BANK LOAN SETTLEMENT AC,ODA,"119,116.77",-119116.77,0,11/4/2020,2022-07-14,USD,-119116.77
50010010004268,SOLIDAIRE BANK,ODA,"53,904.48",-53904.48,0.01,12/9/2020,2022-07-14,USD,-53904.48
50010010004275,SOLIDAIRE BANK,ODA,"10,000.00",-10000.0,0.3,12/9/2020,2022-07-14,EUR,-9954.0
50010010004282,BANK OF INDUSTRY LIMITED,ODA,"4,033,197.61",-4033197.61,0.01,12/18/2020,2022-07-14,USD,-4033197.61
50010010004312,GREENWICH MERCHANT BANK LIMITE,ODA,"852,648.52",-852648.52,0.01,1/13/2021,2022-07-14,USD,-852648.52
50010010004343,GLOBUS BANK LIMITED EXPORT PRO,ODA,"1,376,625.27",-1376625.27,0.01,2/3/2021,2022-07-14,USD,-1376625.27
50010010004404,UNITED BANK FOR AFRICA (UBA) L,ODA,18.84,-18.84,0.01,3/4/2021,2022-07-14,USD,-18.84
50010010004411,CREDIT BANK KENYA PLC,ODA,"21,173.05",-21173.05,0.01,3/9/2021,2022-07-14,USD,-21173.05
50010010004428,CREDIT BANK KENYA PLC,ODA,"19,947.00",-19947.0,0.3,3/9/2021,2022-07-14,EUR,-19855.2438
50010010004435,CREDIT BANK KENYA PLC,ODA,"15,236.00",-15236.0,0.3,3/9/2021,2022-07-14,GBP,-12808.9052
50010010004442,MYBUCKS BANKING CORPORATION- U,ODA,"6,326.54",-6326.54,0.01,3/10/2021,2022-07-14,USD,-6326.54
50010010004459,FBNQUEST MERCHANT BANK LIMITED,ODA,"683,975.27",-683975.27,0.01,3/17/2021,2022-07-14,USD,-683975.27
50010010004473,ZAMBIA INDUSTRIAL WIRE CLEARIN,ODA,"634,805.13",-634805.13,0.01,3/24/2021,2022-07-14,USD,-634805.13
50010010004497,COMMERCE AND MORTGAGE BANK (SL,ODA,"530,769.06",-530769.06,0.01,5/3/2021,2022-07-14,USD,-530769.06
50010010004503,COMPAGNIE GENERALE DE BANQUE P,ODA,"26,906.50",-26906.5,0.01,5/3/2021,2022-07-14,USD,-26906.5
50010010004527,COMPAGNIE GENERALE DE BANQUE P,ODA,"1,207.77",-1207.77,0.3,5/3/2021,2022-07-14,GBP,-1015.372239
50010010004534,ACCESS BANK (SL) LIMITED,ODA,"320,272.72",-320272.72,0.01,5/4/2021,2022-07-14,USD,-320272.72
50010010004541,ACCESS BANK (SL) LIMITED,ODA,"469,425.88",-469425.88,0.3,5/4/2021,2022-07-14,EUR,-467266.520952
50010010004558,ACCESS BANK (SL) LIMITED,ODA,"57,568.41",-57568.41,0.3,5/4/2021,2022-07-14,GBP,-48397.762287000005
50010010004602,UNION BANK LOAN SETTLEMENT ACC,ODA,"36,724.06",-36724.06,0.01,5/21/2021,2022-07-14,USD,-36724.06
50010010004619,SKYE BANK (SL) LIMITED,ODA,"5,513,683.06",-5513683.06,0.01,6/1/2021,2022-07-14,USD,-5513683.06
50010010004626,SKYE BANK (SL) LIMITED,ODA,"7,807.63",-7807.63,0.3,6/1/2021,2022-07-14,EUR,-7771.714902
50010010004640,SKYE BANK (SL) LIMITED MASTERC,ODA,"99,282.91",-99282.91,0.01,6/8/2021,2022-07-14,USD,-99282.91
50010010004657,CONSOLIDATED BANK GHANA LIMITE,ODA,"221,568.18",-221568.18,0.05,6/22/2021,2022-07-14,USD,-221568.18
50010010004671,CONSOLIDATED BANK GHANA LIMITE,ODA,"100,000.00",-100000.0,0.3,6/22/2021,2022-07-14,GBP,-84070.0
50010010004695,DCB COMMERCIAL BANK,ODA,"69,195.30",-69195.3,0.01,7/1/2021,2022-07-14,USD,-69195.3
50010010004718,CONSOLIDATED BANK GHANA LIMITE,ODA,"996,562.32",-996562.32,0.01,7/8/2021,2022-07-14,USD,-996562.32
50010010004725,AMANA BANK TANZANIA,ODA,"145,067.79",-145067.79,0.01,7/19/2021,2022-07-14,USD,-145067.79
50010010004732,AMANA BANK TANZANIA,ODA,"600,000.00",-600000.0,0.3,7/19/2021,2022-07-14,EUR,-597240.0
50010010004756,ORABANK MALI,ODA,"113,836.91",-113836.91,0.01,8/5/2021,2022-07-14,USD,-113836.91
50010010004763,OMNIBSIC BANK GHANA LIMITED,ODA,"6,311,489.48",-6311489.48,0.01,8/12/2021,2022-07-14,USD,-6311489.48
50010010004770,OMNIBSIC BANK GHANA LIMITED,ODA,"37,535.20",-37535.2,0.3,8/12/2021,2022-07-14,EUR,-37362.53808
50010010004787,OMNIBSIC BANK GHANA LIMITED,ODA,"99,529.86",-99529.86,0.3,8/12/2021,2022-07-14,GBP,-83674.753302
50010010004794,COMMERCE AND MORTGAGE BANK (SL,ODA,"9,998.00",-9998.0,0.3,8/12/2021,2022-07-14,EUR,-9952.0092
50010010004800,COMMERCE AND MORTGAGE BANK (SL,ODA,"1,350.35",-1350.35,0.3,8/12/2021,2022-07-14,GBP,-1135.239245
50010010004855,TECHNOWELL GLOBAL CONCEPT LIMI,ODA,190,-190.0,0.01,9/17/2021,2022-07-14,USD,-190.0
50010010004879,LOTUS BANK,ODA,"2,226,629.68",-2226629.68,0.01,9/24/2021,2022-07-14,USD,-2226629.68
50010010004886,LOTUS BANK,ODA,313,-313.0,0.3,9/24/2021,2022-07-14,EUR,-311.5602
50010010004893,LOTUS BANK,ODA,"4,317.47",-4317.47,0.3,9/24/2021,2022-07-14,GBP,-3629.6970290000004
50010010004947,ORABANK SENEGAL,ODA,"25,616.63",-25616.63,0.01,10/21/2021,2022-07-14,USD,-25616.63
50010010004954,ACCESS BANK GUINEE SA,ODA,"6,278.41",-6278.41,0.3,10/25/2021,2022-07-14,EUR,-6249.529313999999
50010010004961,ACCESS BANK GUINEE SA,ODA,"903,323.64",-903323.64,0.01,10/25/2021,2022-07-14,USD,-903323.64
50010010004978,ORABANK NIGER,ODA,"148,754.14",-148754.14,0.01,10/25/2021,2022-07-14,USD,-148754.14
50010010005012,LOTUS BANK - FOREIGN OPERATING,ODA,"297,517.70",-297517.7,0.01,11/10/2021,2022-07-14,USD,-297517.7
50010010005029,LOTUS BANK - PROFIT/CHARGES AC,ODA,"1,205.00",-1205.0,0.01,11/10/2021,2022-07-14,USD,-1205.0
50010010005036,LOTUS BANK - NON OIL EXPORT DO,ODA,"1,577,457.46",-1577457.46,0.01,11/10/2021,2022-07-14,USD,-1577457.46
50010010005067,ZEN GLOBAL DMCC,ODA,"9,990.47",-9990.47,0.01,12/10/2021,2022-07-14,USD,-9990.47
50010010005098,GREENWICH MERCHANT BANK LOAN S,ODA,"5,400.10",-5400.1,0.01,12/15/2021,2022-07-14,USD,-5400.1
50010010005128,UNION BANCAIRE POUR LE COMMERC,ODA,"5,628,572.23",-5628572.23,0.01,1/21/2022,2022-07-14,USD,-5628572.23
50010010005159,FIDELITY BANK GHANA LIMITED,ODA,"14,300,000.00",-14300000.0,0,2/9/2022,2022-07-14,USD,-14300000.0
50010010005166,ACCESS BANK NIGERIA PLC,ODA,"42,854.28",-42854.28,0.3,3/21/2022,2022-07-14,EUR,-42657.150312
50010010005173,CONTINENTAL ENGINEERING (NIGER,ODA,"10,000.00",-10000.0,0.01,3/31/2022,2022-07-14,USD,-10000.0
50010020000170,3T OIL AND GAS SERVICES LLC,ODA,"2,308.00",-2308.0,0.01,7/1/2008,2022-07-14,USD,-2308.0
50010020001045,3T OIL & GAS SERV. LLC-DDA GBP,ODA,"3,081.24",-3081.24,0.3,7/1/2008,2022-07-14,GBP,-2590.398468
50010020001052,3T OIL & GAS SERV. LLC-DDA A/C,ODA,"1,079.14",-1079.14,0.3,7/1/2008,2022-07-14,EUR,-1074.175956
50010020003193,GEORGETOWN GLOBAL HEALTH LLC,ODA,"77,874.96",-77874.96,0.01,9/25/2019,2022-07-14,USD,-77874.96
50010030003179,ROYAL BLUE ENTERPRISE LIMTED,ODA,"98,989.25",-98989.25,0.01,9/9/2019,2022-07-14,USD,-98989.25
50010500000985,UNITED BANK FOR AFRICA PLC,ODA,"-55,386,219.97",55386219.97,7.1,7/1/2008,2022-07-14,USD,55386219.97
50010500001359,UNITED BANK  FOR AFRICA (UGAND,ODA,"24,691.96",-24691.96,0.01,10/15/2008,2022-07-14,USD,-24691.96
50010500001472,UNITED BANK FOR AFRICA CAMEROO,ODA,"1,678.28",-1678.28,0.01,8/28/2009,2022-07-14,USD,-1678.28
50010500001557,UNITED BANK FOR AFRICA (UBA) L,ODA,"3,294.13",-3294.13,0.01,12/9/2009,2022-07-14,USD,-3294.13
50010500001588,UNITED BANK FOR AFRICA ZAMBIA,ODA,"84,890.48",-84890.48,0.01,12/30/2009,2022-07-14,USD,-84890.48
50010500001625,UBA KENYA BANK LIMITED,ODA,"146,508.08",-146508.08,0.01,4/29/2010,2022-07-14,USD,-146508.08
50010500001717,UNITED BANK FOR AFRICA SENEGAL,ODA,"29,691.82",-29691.82,0.01,12/8/2010,2022-07-14,USD,-29691.82
50010500002202,UBA TANZANIA,ODA,"32,804.00",-32804.0,0.01,11/22/2017,2022-07-14,USD,-32804.0
50010500002219,UBA GHANA,ODA,"875,890.56",-875890.56,0.01,12/18/2017,2022-07-14,USD,-875890.56
50010500002226,UBA SIERRA LEONE,ODA,685,-685.0,0.01,12/27/2017,2022-07-14,USD,-685.0
50010500002240,UNITED BANK FOR AFRICA MOZAMBI,ODA,"83,726.73",-83726.73,0.01,1/16/2018,2022-07-14,USD,-83726.73
50010500002264,UNITEDBANK FOR AFRICA - DEMOCR,ODA,"250,271.88",-250271.88,0.01,2/13/2018,2022-07-14,USD,-250271.88
50010500002981,UNITED BANK FOR AFRICA SENEGAL,ODA,"51,659.24",-51659.24,0,5/9/2019,2022-07-14,EUR,-51421.607496
50010500003322,ACCESS MICROFINANCE BANK TANZA,ODA,"149,823.95",-149823.95,0.01,10/29/2019,2022-07-14,USD,-149823.95
50010500003346,ACCESS MICROFINANCE BANK TANZA,ODA,"2,620.00",-2620.0,0.3,10/30/2019,2022-07-14,EUR,-2607.948
50012150000842,UNITED BANK FOR AFRICA -  CASH,CAA,"16,767,341.82",-16767341.82,0.06,7/1/2008,2022-07-14,USD,-16767341.82
50012150001373,STERLING BANK PLC,CAA,"212,047.24",-212047.24,0.01,11/17/2008,2022-07-14,USD,-212047.24
50012150002110,WEMA BANK PLC. CASH COLL,CAA,"71,737.48",-71737.48,0.01,9/21/2016,2022-07-14,USD,-71737.48
50012150002257,POLARIS - CASH COLL,CAA,"59,371.13",-59371.13,0.01,2/8/2018,2022-07-14,USD,-59371.13
50012150002332,NOVA MERCHANT BANK - CASH COLL,CAA,"285,894.47",-285894.47,0.1,3/29/2018,2022-07-14,USD,-285894.47
50012150002783,FBNQUEST MERCHANT BANK LIMITED,CAA,"70,853.77",-70853.77,0.1,10/26/2018,2022-07-14,USD,-70853.77
50012150002882,CASH COLLATERAL A/C FOR CORONA,CAA,"14,485.24",-14485.24,0.25,1/18/2019,2022-07-14,USD,-14485.24
50012150003063,SUNTRUST BANK NIGERIA LIMITED,CAA,"23,699.93",-23699.93,0,7/3/2019,2022-07-14,USD,-23699.93
50012150003858,TITAN BANK CSH CCOLL ACCOUNT,CAA,"88,246.61",-88246.61,0,4/17/2020,2022-07-14,USD,-88246.61
50012150003896,GLOBUS BANK LIMITED,CAA,"106,325.51",-106325.51,0,6/2/2020,2022-07-14,USD,-106325.51
50012150004565,GREENWICH MERCHANT BANK LIMITE,ODA,"1,489,999.38",-1489999.38,0.01,5/5/2021,2022-07-14,USD,-1489999.38
50012150004572,GREENWICH MERCHANT BANK LIMITE,ODA,"68,058.08",-68058.08,0.3,5/5/2021,2022-07-14,EUR,-67745.012832
50012150004862,SKYE BANK (SL) LIMITED- CASH C,CAA,"1,457,871.00",-1457871.0,0,9/20/2021,2022-07-14,USD,-1457871.0
50012150005050,LOTUS BANK - CASH COLLATERAL A,ODA,"833,611.31",-833611.31,0.01,11/10/2021,2022-07-14,USD,-833611.31
50012160000648,CELETRANS NIGERIA LIMITED,ODA,"737,208.46",-737208.46,0.01,7/1/2008,2022-07-14,USD,-737208.46
50012160001502,NIGERIAN AGIP OIL COMPANY LIMI,ODA,100.42,-100.42,0.01,10/23/2009,2022-07-14,USD,-100.42
50012160001519,3T WORLDWIDE QRI (NIGERIA) LIM,ODA,"1,579.85",-1579.85,0.01,11/6/2009,2022-07-14,USD,-1579.85
50012160001526,3T WORLDWIDE QRI (NIGERIA) LIM,ODA,"103,521.01",-103521.01,0.3,11/9/2009,2022-07-14,GBP,-87030.113107
50012160001533,3T WORLDWIDE QRI (NIGERIA) LIM,ODA,"26,984.32",-26984.32,0.3,11/9/2009,2022-07-14,EUR,-26860.192128
50012160001922,NNPC/NAOC JV CONS/DISB A/C-EBO,ODA,100.21,-100.21,0.01,9/21/2012,2022-07-14,USD,-100.21
50012200002042,UNITED BANK  FOR AFRICA (UGAND,CAA,"10,000.00",-10000.0,0.01,8/13/2013,2022-07-14,USD,-10000.0
50012500000471,UNITED BANK FOR AFRICA - FEM A,ODA,"-11,547,798.53",11547798.53,7.1,7/1/2008,2022-07-14,USD,11547798.53
50012500002103,UBA FEM A/C EURO,ODA,"139,674.95",-139674.95,0.3,8/15/2016,2022-07-14,EUR,-139032.44523
50013000001274,FCMB CURRENT A/C USD,ODA,"23,620.41",-23620.41,0,7/1/2008,2022-07-14,USD,-23620.41
50017000001021,CELETRANS NIG. LTD.- DDA A/C E,ODA,"50,558.32",-50558.32,0.3,7/1/2008,2022-07-14,EUR,-50325.751727999996
50017000001038,CELETRANS NIG. LTD. - DDA GBP,ODA,"19,102.41",-19102.41,0.3,7/1/2008,2022-07-14,GBP,-16059.396087
50017150000259,STERLING BANK PLC - DOM (USD),ODA,"646,967.96",-646967.96,0.01,7/1/2008,2022-07-14,USD,-646967.96
50017150000408,POLARIS BANK PLC,ODA,"281,065.89",-281065.89,0.01,7/1/2008,2022-07-14,USD,-281065.89
50017150001267,ACCESS BANK NIG. PLC A/C 2,ODA,"3,019,603.12",-3019603.12,0,7/1/2008,2022-07-14,USD,-3019603.12
50017150001755,WEMA BANK PLC.,ODA,"157,409.21",-157409.21,0,9/28/2011,2022-07-14,USD,-157409.21
50017150002141,OANDO TRADING DMCC,ODA,"30,383.18",-30383.18,0.01,7/3/2017,2022-07-14,USD,-30383.18
50017150002189,CORONATION MERCHANT BANK,ODA,"148,067.82",-148067.82,0,10/30/2017,2022-07-14,USD,-148067.82
50017150002271,NOVA MERCHANT BANK - USD MAIN,ODA,"26,503.19",-26503.19,0.11,2/26/2018,2022-07-14,USD,-26503.19
50017150002301,NOVA MERCHANT BANK,ODA,"5,206,095.15",-5206095.15,0.3,3/9/2018,2022-07-14,EUR,-5182147.11231
50017150002318,NOVA MERCHANT BANK,ODA,"4,727.48",-4727.48,0.3,3/9/2018,2022-07-14,GBP,-3974.3924359999996
50017150002363,NOVA MERCHANT BANK - INT ACC,ODA,"4,480.46",-4480.46,0.11,3/29/2018,2022-07-14,USD,-4480.46
50017150002417,NOVA MERCHANT BANK - EXPORT PR,ODA,"607,253.42",-607253.42,0.11,3/30/2018,2022-07-14,USD,-607253.42
50017150002424,NOVA MERCHANT BANK - EUR MAIN,ODA,"2,213.90",-2213.9,0.3,4/12/2018,2022-07-14,EUR,-2203.71606
50017150002431,NOVA MERCHANT BANK - GBP MAIN,ODA,302.3,-302.3,0.3,4/12/2018,2022-07-14,GBP,-254.14361000000002
50017150002448,NOVA MERCHANT BANK - USD DOM A,ODA,"1,349,961.17",-1349961.17,0.11,4/12/2018,2022-07-14,USD,-1349961.17
50017150002455,FBNQUEST MECHANT BANK LIMITED,ODA,"455,984.03",-455984.03,0,5/22/2018,2022-07-14,USD,-455984.03
50017150002790,CORONATION MERCHANT BANK EXPOR,ODA,"4,331,312.61",-4331312.61,0,11/9/2018,2022-07-14,USD,-4331312.61
50017150003018,FBNQUEST MB EXPORT PROCEED ACC,ODA,631.6,-631.6,0,5/22/2019,2022-07-14,USD,-631.6
50017150003049,UNITY BANK PLC,ODA,"153,795.18",-153795.18,0.01,7/3/2019,2022-07-14,USD,-153795.18
50017150003070,UNITY BANK PLC,ODA,68.46,-68.46,0.3,7/17/2019,2022-07-14,EUR,-68.145084
50017150003087,UNITY BANK PLC,ODA,"30,553.32",-30553.32,0.3,7/17/2019,2022-07-14,GBP,-25686.176124
50017150003094,CARL BANK LIMITED,ODA,0.02,-0.02,0.01,7/22/2019,2022-07-14,USD,-0.02
50017150003117,TITAN TRUST BANK LIMITED,ODA,"3,624,827.17",-3624827.17,0.01,8/6/2019,2022-07-14,USD,-3624827.17
50017150003285,FIDELITY BANK PLC TRADING ACCO,ODA,"118,439.40",-118439.4,0.01,10/11/2019,2022-07-14,USD,-118439.4
50017150003360,HERITAGE BANK PLC TRADING ACCO,ODA,"159,784.75",-159784.75,0.01,11/8/2019,2022-07-14,USD,-159784.75
50017150003377,ZAMBIA INDUSTRIAL COMMERCIAL B,ODA,"2,150,782.74",-2150782.74,0.01,11/8/2019,2022-07-14,USD,-2150782.74
50017150003384,ZAMBIA INDUSTRIAL COMMERCIAL B,ODA,"22,941.72",-22941.72,0.3,11/12/2019,2022-07-14,EUR,-22836.188088
50017150003391,ZAMBIA INDUSTRIAL COMMERCIAL B,ODA,"24,332.07",-24332.07,0.3,11/12/2019,2022-07-14,GBP,-20455.971249
50017150003414,MYBUCKS BANKING CORPORATION,ODA,"158,297.62",-158297.62,0.01,11/15/2019,2022-07-14,USD,-158297.62
50017150003421,MYBUCKS BANKING CORPORATION,ODA,"10,800.57",-10800.57,0.3,11/15/2019,2022-07-14,EUR,-10750.887378
50017150003438,MYBUCKS BANKING CORPORATION,ODA,69.62,-69.62,0.3,11/15/2019,2022-07-14,GBP,-58.529534000000005
50017150003445,TAJBANK LIMITED,ODA,"465,169.99",-465169.99,0.01,11/21/2019,2022-07-14,USD,-465169.99
50017150003452,TITAN TRUST BANK LIMITED USD T,ODA,"1,280,009.11",-1280009.11,0.01,12/9/2019,2022-07-14,USD,-1280009.11
50017150003469,TITAN TRUST BANK LIMITED - TRA,ODA,"1,043,762.07",-1043762.07,0.01,12/9/2019,2022-07-14,USD,-1043762.07
50017150003520,TAJBANK LIMITED PROFIT/CHARGE,ODA,"2,582.91",-2582.91,0.01,12/10/2019,2022-07-14,USD,-2582.91
50017150003544,TAJBANK LIMITED EXPORT DOMICIL,ODA,"1,093,508.61",-1093508.61,0.01,12/10/2019,2022-07-14,USD,-1093508.61
50017150003582,HERITAGE BANK PLC TRADING ACCO,ODA,"49,984.95",-49984.95,0.3,1/7/2020,2022-07-14,GBP,-42022.347465
50017150003605,GLOBUS BANK LIMITED,ODA,"10,980.00",-10980.0,0.3,1/30/2020,2022-07-14,GBP,-9230.886
50017150003612,GLOBUS BANK LIMITED,ODA,"2,665.98",-2665.98,0.3,1/30/2020,2022-07-14,EUR,-2653.716492
50017150003629,GLOBUS BANK LIMITED WIRE CLEAR,ODA,"831,067.37",-831067.37,0.01,2/3/2020,2022-07-14,USD,-831067.37
50017150003636,GLOBUS BANK LIMITED WIRE CLEAR,ODA,"174,984.32",-174984.32,0.3,2/3/2020,2022-07-14,GBP,-147109.317824
50017150003643,GLOBUS BANK LIMITED WIRE CLEAR,ODA,"6,282.00",-6282.0,0.3,2/3/2020,2022-07-14,EUR,-6253.1028
50017150003650,MOZA BANCO SA,ODA,"1,043,404.04",-1043404.04,0.01,2/3/2020,2022-07-14,USD,-1043404.04
50017150003674,NIGERIAN EXPORT IMPORT BANK,ODA,"100,012.04",-100012.04,0.01,2/18/2020,2022-07-14,USD,-100012.04
50017150003681,CORONATION MERCHANT- USD WIRE,ODA,"1,070,946.57",-1070946.57,0,2/19/2020,2022-07-14,USD,-1070946.57
50017150003698,HERITAGE BANK PLC EXPORT PROCE,ODA,"18,592.25",-18592.25,0,2/25/2020,2022-07-14,USD,-18592.25
50017150003704,TITAN BANK MASTERCARD SETTLEME,ODA,"31,118.34",-31118.34,0.01,2/26/2020,2022-07-14,USD,-31118.34
50017150003728,HERITAGE BANK PLC INTEREST AND,ODA,"27,792.77",-27792.77,0.01,3/11/2020,2022-07-14,USD,-27792.77
50017150003827,NOVA MERCHANT BANK WIRE CLEARI,ODA,"3,050,717.83",-3050717.83,0.01,4/3/2020,2022-07-14,USD,-3050717.83
50017150003834,TITAN BANK WIRE CLEARING,ODA,"404,814.14",-404814.14,0.01,4/3/2020,2022-07-14,USD,-404814.14
50017150003872,SUNTRUST BANK NIGERIA LIMITED,ODA,"3,258.83",-3258.83,0.3,5/29/2020,2022-07-14,GBP,-2739.698381
50017150003889,TITAN TRUST BANK LIMITED EXPOR,ODA,"55,974.69",-55974.69,0.01,6/1/2020,2022-07-14,USD,-55974.69
50017150003926,SUNTRUST BANK NIGERIA LIMITED,ODA,"50,995.77",-50995.77,0.3,6/5/2020,2022-07-14,EUR,-50761.18945799999
50017150003964,SUNTRUST BANK NIGERIA LIMITED,ODA,"77,868.59",-77868.59,0.01,6/23/2020,2022-07-14,USD,-77868.59
50017150003971,TAJBANK LIMITED FX TRADING,ODA,"60,576.98",-60576.98,0.3,6/26/2020,2022-07-14,GBP,-50927.067086
50017150003988,TAJBANK LIMITED FX TRADING,ODA,"16,905.65",-16905.65,0.01,6/26/2020,2022-07-14,USD,-16905.65
50017150003995,TAJBANK LIMITED FX TRADING,ODA,"5,225.00",-5225.0,0.3,6/26/2020,2022-07-14,EUR,-5200.965
50017150004046,TAJBANK LIMITED OPERATING ACCO,ODA,"8,474.47",-8474.47,0.3,6/26/2020,2022-07-14,GBP,-7124.486929
50017150004053,TAJBANK LIMITED OPERATING ACCO,ODA,"9,663.69",-9663.69,0.3,6/26/2020,2022-07-14,EUR,-9619.237026
50017150004114,SUNTRUST BANK NIGERIA LIMITED,ODA,13,-13.0,0.3,7/8/2020,2022-07-14,GBP,-10.9291
50017150004138,WEMA BANK PLC. EUR ACCOUNT,ODA,"3,031.97",-3031.97,0.3,7/29/2020,2022-07-14,EUR,-3018.0229379999996
50017150004244,FBNQUEST LOANS SETTLEMENT ACCO,ODA,"42,843.90",-42843.9,0,11/23/2020,2022-07-14,USD,-42843.9
50017150004480,WEMA BANK PLC. WIRE CLEARING,ODA,"1,120,702.68",-1120702.68,0.01,3/26/2021,2022-07-14,USD,-1120702.68
50017170000541,UNITED BANK FOR AFRICA PLC - F,ODA,"6,603,576.90",-6603576.9,0.01,7/1/2008,2022-07-14,USD,-6603576.9
50017170002936,UNITED BANK FOR AFRICA PLC- EX,ODA,"464,210,737.97",-464210737.97,0,1/29/2019,2022-07-14,USD,-464210737.97
50017200002462,CBN USD CURRENT ACCOUNT,ODA,"329,303,415.58",-329303415.58,0,6/13/2018,2022-07-14,USD,-329303415.58
50030030000541,ESCROW A/C - GBARAN UBIE PHASE,CAA,"2,169,968.84",-2169968.84,0.01,6/12/2014,2022-07-14,USD,-2169968.84
50030030000611,CHEVRON NIGERIA LIMITED (CNL),ODA,"5,610,938.61",-5610938.61,0,9/20/2017,2022-07-14,USD,-5610938.61
50030030000620,SHELL PETROLEUM DEV. CO. LTD.,ODA,"2,122,517.96",-2122517.96,0.01,9/22/2017,2022-07-14,USD,-2122517.96
50030070001373,NNPC - CARRY PROCEEDS A/C - GB,CAA,"547,834.00",-547834.0,0.01,11/20/2013,2022-07-14,USD,-547834.0
EUR50011213001,STANDARD CHARTERED BANK FRANKF,OAB,"-7,418,382.58",7418382.58,0,1/2/2014,2022-07-14,EUR,7384258.020132
GBP50011213001,"STANDARD CHARTERED BANK, LONDO",OAB,"-801,149.06",801149.06,0,1/6/2014,2022-07-14,GBP,673526.014742
LA500100000004,BANK OF INDUSTRY LIMITED,LAA,"-27,223,000.00",27223000.0,7.74,12/18/2020,2022-09-14,USD,27223000.0
LA500100000010,GCB BANK LIMITED,LAA,"-20,000,000.00",20000000.0,2.73,2/7/2022,2022-08-05,USD,20000000.0
LA500100000012,UNITED BANK FOR AFRICA PLC,LAA,"-187,749.85",187749.85,4.88,3/24/2022,2022-07-19,USD,187749.85
LA500100000013,UNITED BANK FOR AFRICA PLC,LAA,"-210,774.00",210774.0,4.88,3/24/2022,2022-07-19,USD,210774.0
LA500100000014,STERLING BANK PLC,LAA,"-2,480,000.00",2480000.0,7.82,5/31/2022,2022-11-25,USD,2480000.0
LA500100000015,UNITED BANK FOR AFRICA PLC,LAA,"-151,880.45",151880.45,5.07,5/31/2022,2022-08-17,USD,151880.45
LA500100000016,ACCESS BANK UK LIMTED,LAA,"-50,000,000.00",50000000.0,4.4,6/28/2022,2022-09-26,USD,50000000.0
LA500300008955,SHELL PETROLEUM DEV. CO. LTD.,LAA,"-1,056,961.29",1056961.29,9.47,9/22/2017,2024-12-17,USD,1056961.29
LA500300008967,CHEVRON NIGERIA LIMITED (CNL),LAA,"-3,900,795.52",3900795.52,9.31,9/15/2017,2024-09-16,USD,3900795.52
LA500300009003,CHEVRON NIGERIA LIMITED (CNL),LAA,"-1,634,373.90",1634373.9,9.36,10/20/2017,2024-09-16,USD,1634373.9
LA500300009064,CHEVRON NIGERIA LIMITED (CNL),LAA,"-440,133.16",440133.16,9.48,12/4/2017,2024-09-16,USD,440133.16
LA500300009184,SHELL PETROLEUM DEV. CO. LTD.,LAA,"-1,310,950.28",1310950.28,10.05,2/15/2018,2024-12-17,USD,1310950.28
LA500300009396,SHELL PETROLEUM DEV. CO. LTD.,LAA,"-615,011.84",615011.84,10.44,7/26/2018,2024-06-23,USD,615011.84
LA500300009873,SHELL PETROLEUM DEV. CO. LTD.,LAA,"-887,517.98",887517.98,8.87,2/11/2019,2024-12-17,USD,887517.98
LA500300010377,SHELL PETROLEUM DEV. CO. LTD.,LAA,"-487,948.08",487948.08,8.21,6/28/2019,2024-06-23,USD,487948.08
LA500300012618,SUNTRUST BANK NIGERIA LIMITED,LAA,"-176,206.59",176206.59,5.93,2/26/2021,2021-10-22,USD,176206.59
LA500300012694,SUNTRUST BANK NIGERIA LIMITED,LAA,"-2,558,514.22",2558514.22,5.92,3/11/2021,2021-09-07,USD,2558514.22
LA500300012989,SUNTRUST BANK NIGERIA LIMITED,LAA,"-157,193.66",157193.66,5.95,5/7/2021,2021-11-01,USD,157193.66
LA500300013030,SUNTRUST BANK NIGERIA LIMITED,LAA,"-58,810.39",58810.39,5.87,5/17/2021,2021-09-23,USD,58810.39
LA500300013036,SUNTRUST BANK NIGERIA LIMITED,LAA,"-187,580.25",187580.25,6.43,5/19/2021,2021-11-01,USD,187580.25
LA500300013139,SUNTRUST BANK NIGERIA LIMITED,LAA,"-38,328.71",38328.71,5.91,6/9/2021,2021-11-01,USD,38328.71
LA500300013149,SUNTRUST BANK NIGERIA LIMITED,LAA,"-46,163.25",46163.25,5.86,6/14/2021,2021-12-22,USD,46163.25
LA500300013151,SUNTRUST BANK NIGERIA LIMITED,LAA,"-16,272.75",16272.75,5.9,6/15/2021,2021-11-01,USD,16272.75
LA500300013152,SUNTRUST BANK NIGERIA LIMITED,LAA,"-37,002.59",37002.59,5.9,6/15/2021,2021-11-01,USD,37002.59
LA500300013182,SUNTRUST BANK NIGERIA LIMITED,LAA,"-81,576.88",81576.88,5.89,6/25/2021,2021-10-26,USD,81576.88
LA500300013225,SUNTRUST BANK NIGERIA LIMITED,LAA,"-67,979.14",67979.14,5.91,7/9/2021,2021-10-08,USD,67979.14
LA500300013258,SUNTRUST BANK NIGERIA LIMITED,LAA,"-54,347.35",54347.35,5.87,7/15/2021,2021-11-01,USD,54347.35
LA500300013259,SUNTRUST BANK NIGERIA LIMITED,LAA,"-54,347.35",54347.35,5.87,7/15/2021,2021-11-01,USD,54347.35
LA500300013271,SUNTRUST BANK NIGERIA LIMITED,LAA,"-96,809.78",96809.78,5.88,7/20/2021,2021-11-01,USD,96809.78
LA500300013312,SUNTRUST BANK NIGERIA LIMITED,LAA,"-70,528.89",70528.89,5.87,8/5/2021,2021-11-03,USD,70528.89
LA500300013350,SUNTRUST BANK NIGERIA LIMITED,LAA,"-38,023.75",38023.75,5.85,8/23/2021,2021-10-22,USD,38023.75
LA500300013466,HERITAGE BANK PLC INTEREST AND,LAA,"-340,412.00",340412.0,6.36,9/3/2021,2022-03-02,USD,340412.0
LA500300013510,SUNTRUST BANK NIGERIA LIMITED,LAA,"-19,314.22",19314.22,5.87,9/17/2021,2021-12-03,USD,19314.22
LA500300013550,SUNTRUST BANK NIGERIA LIMITED,LAA,"-36,180.00",36180.0,5.9,9/30/2021,2021-12-10,USD,36180.0
LA500300013577,SUNTRUST BANK NIGERIA LIMITED,LAA,"-57,150.00",57150.0,5.9,10/8/2021,2022-01-07,USD,57150.0
LA500300013578,SUNTRUST BANK NIGERIA LIMITED,LAA,"-41,985.00",41985.0,5.9,10/8/2021,2022-01-07,USD,41985.0
LA500300013581,SUNTRUST BANK NIGERIA LIMITED,LAA,"-12,497.77",12497.77,5.87,10/12/2021,2021-12-22,USD,12497.77
LA500300013582,SUNTRUST BANK NIGERIA LIMITED,LAA,"-55,894.05",55894.05,5.87,10/12/2021,2021-12-22,USD,55894.05
LA500300013646,GLOBUS BANK LIMITED WIRE CLEAR,LAA,"-102,344.00",102344.0,8.91,11/24/2021,2022-07-15,USD,102344.0
LA500300013648,GREENWICH MERCHANT BANK LIMITE,LAA,"-7,525.77",7525.77,5.81,11/24/2021,2022-06-24,GBP,6326.914839
LA500300013649,STERLING BANK PLC,LAA,"-1,277,000.00",1277000.0,9.85,11/26/2021,2022-09-29,USD,1277000.0
LA500300013674,SUNTRUST BANK NIGERIA LIMITED,LAA,"-71,355.00",71355.0,6.04,12/15/2021,2022-05-13,USD,71355.0
LA500300013679,NOVA MERCHANT BANK,LAA,"-133,500.00",133500.0,6.04,12/16/2021,2022-06-14,USD,133500.0
LA500300013680,NOVA MERCHANT BANK,LAA,"-166,338.00",166338.0,6.04,12/16/2021,2022-06-14,USD,166338.0
LA500300013686,FIRST CITY MONUMENT BANK PLC,LAA,"-149,020.00",149020.0,5.05,12/17/2021,2022-06-15,USD,149020.0
LA500300013688,FIRST CITY MONUMENT BANK PLC,LAA,"-30,000.00",30000.0,5.05,12/17/2021,2022-06-15,USD,30000.0
LA500300013695,NOVA MERCHANT BANK,LAA,"-58,910.00",58910.0,6.08,1/4/2022,2022-07-01,USD,58910.0
LA500300013702,STERLING BANK PLC,LAA,"-21,517.19",21517.19,8.74,1/6/2022,2022-08-03,USD,21517.19
LA500300013703,NOVA MERCHANT BANK,LAA,"-403,891.20",403891.2,6.09,1/6/2022,2022-07-05,USD,403891.2
LA500300013704,NOVA MERCHANT BANK,LAA,"-515,818.30",515818.3,6.09,1/6/2022,2022-07-05,USD,515818.3
LA500300013705,NOVA MERCHANT BANK,LAA,"-159,846.00",159846.0,6.09,1/6/2022,2022-07-05,USD,159846.0
LA500300013706,FIRST CITY MONUMENT BANK PLC,LAA,"-61,340.00",61340.0,5.09,1/6/2022,2022-07-05,USD,61340.0
LA500300013707,FIRST CITY MONUMENT BANK PLC,LAA,"-234,775.00",234775.0,5.09,1/6/2022,2022-07-05,USD,234775.0
LA500300013708,FIRST CITY MONUMENT BANK PLC,LAA,"-228,074.46",228074.46,5.09,1/6/2022,2022-07-05,USD,228074.46
LA500300013709,FIRST CITY MONUMENT BANK PLC,LAA,"-61,304.00",61304.0,5.09,1/6/2022,2022-07-05,USD,61304.0
LA500300013710,FIRST CITY MONUMENT BANK PLC,LAA,"-226,166.45",226166.45,5.09,1/6/2022,2022-07-05,USD,226166.45
LA500300013711,FIRST CITY MONUMENT BANK PLC,LAA,"-136,450.00",136450.0,5.09,1/6/2022,2022-07-05,USD,136450.0
LA500300013712,GLOBUS BANK LIMITED WIRE CLEAR,LAA,"-154,495.94",154495.94,9.59,1/7/2022,2022-07-22,USD,154495.94
LA500300013713,FIRST CITY MONUMENT BANK PLC,LAA,"-133,282.63",133282.63,5.09,1/7/2022,2022-07-06,USD,133282.63
LA500300013717,FIRST CITY MONUMENT BANK PLC,LAA,"-78,427.66",78427.66,5.09,1/7/2022,2022-07-06,USD,78427.66
LA500300013718,FIRST CITY MONUMENT BANK PLC,LAA,"-132,600.00",132600.0,5.09,1/7/2022,2022-07-06,USD,132600.0
LA500300013737,GLOBUS BANK LIMITED WIRE CLEAR,LAA,"-507,541.10",507541.1,6.05,1/13/2022,2022-07-12,USD,507541.1
LA500300013748,FIDELITY BANK PLC TRADING ACCO,LAA,"-10,616,425.25",10616425.25,5.39,1/18/2022,2022-07-15,USD,10616425.25
LA500300013771,CORONATION MERCHANT BANK,LAA,"-12,117.17",12117.17,5.17,1/20/2022,2022-07-19,USD,12117.17
LA500300013774,FIDELITY BANK PLC TRADING ACCO,LAA,"-10,270,146.00",10270146.0,5.44,1/21/2022,2022-07-20,USD,10270146.0
LA500300013776,STERLING BANK PLC,LAA,"-34,639.18",34639.18,8.35,1/25/2022,2022-09-29,USD,34639.18
LA500300013777,GREENWICH MERCHANT BANK LIMITE,LAA,"-1,908.38",1908.38,7.32,1/26/2022,2022-07-25,USD,1908.38
LA500300013778,GLOBUS BANK LIMITED WIRE CLEAR,LAA,"-16,752.00",16752.0,6.32,1/26/2022,2022-07-25,USD,16752.0
LA500300013780,FIRST CITY MONUMENT BANK PLC,LAA,"-1,500,000.00",1500000.0,5.19,1/21/2022,2022-07-20,USD,1500000.0
LA500300013781,NOVA MERCHANT BANK,LAA,"-54,062.00",54062.0,4.71,1/28/2022,2022-07-08,USD,54062.0
LA500300013782,STERLING BANK PLC,LAA,"-70,201.56",70201.56,8.35,1/28/2022,2022-09-29,USD,70201.56
LA500300013783,GLOBUS BANK LIMITED WIRE CLEAR,LAA,"-249,875.93",249875.93,6.32,1/28/2022,2022-07-27,USD,249875.93
LA500300013784,GLOBUS BANK LIMITED WIRE CLEAR,LAA,"-193,540.21",193540.21,6.32,1/28/2022,2022-07-27,USD,193540.21
LA500300013785,GLOBUS BANK LIMITED WIRE CLEAR,LAA,"-73,350.00",73350.0,6.32,1/31/2022,2022-07-28,USD,73350.0
LA500300013786,HERITAGE BANK PLC INTEREST AND,LAA,"-801,932.52",801932.52,5.75,1/31/2022,2022-06-17,EUR,798243.630408
LA500300013787,STERLING BANK PLC,LAA,"-990,138.85",990138.85,9.6,1/31/2022,2022-09-29,USD,990138.85
LA500300013793,SUNTRUST BANK NIGERIA LIMITED,LAA,"-93,107.00",93107.0,6.28,2/1/2022,2022-07-01,USD,93107.0
LA500300013794,WEMA BANK PLC.,LAA,"-134,941.76",134941.76,6.27,2/3/2022,2022-06-29,USD,134941.76
LA500300013804,GLOBUS BANK LIMITED WIRE CLEAR,LAA,"-309,400.00",309400.0,7.96,2/9/2022,2022-08-08,USD,309400.0
LA500300013820,SUNTRUST BANK NIGERIA LIMITED,LAA,"-81,924.08",81924.08,6.38,2/10/2022,2022-08-09,USD,81924.08
LA500300013821,SUNTRUST BANK NIGERIA LIMITED,LAA,"-156,125.92",156125.92,6.38,2/10/2022,2022-08-09,USD,156125.92
LA500300013822,FIRST CITY MONUMENT BANK PLC,LAA,"-1,000,000.00",1000000.0,5.09,1/7/2022,2022-07-06,USD,1000000.0
LA500300013845,GLOBUS BANK LIMITED WIRE CLEAR,LAA,"-165,838.26",165838.26,7.96,2/14/2022,2022-08-11,USD,165838.26
LA500300013846,GLOBUS BANK LIMITED WIRE CLEAR,LAA,"-66,921.00",66921.0,7.96,2/14/2022,2022-08-11,USD,66921.0
LA500300013874,SUNTRUST BANK NIGERIA LIMITED,LAA,"-10,780.00",10780.0,6.14,2/14/2022,2022-05-13,USD,10780.0
LA500300013875,GLOBUS BANK LIMITED WIRE CLEAR,LAA,"-82,009.85",82009.85,7.95,2/15/2022,2022-08-15,USD,82009.85
LA500300013881,GLOBUS BANK LIMITED WIRE CLEAR,LAA,"-48,170.00",48170.0,7.99,2/16/2022,2022-08-15,USD,48170.0
LA500300013882,GLOBUS BANK LIMITED WIRE CLEAR,LAA,"-267,136.38",267136.38,7.99,2/16/2022,2022-08-15,USD,267136.38
LA500300013883,FBNQUEST MERCHANT BANK LIMITED,LAA,"-390,390.00",390390.0,8.49,2/16/2022,2022-08-15,USD,390390.0
LA500300013884,FBNQUEST MERCHANT BANK LIMITED,LAA,"-141,093.91",141093.91,8.49,2/16/2022,2022-08-15,USD,141093.91
LA500300013894,GLOBUS BANK LIMITED WIRE CLEAR,LAA,"-829,810.80",829810.8,8.06,2/23/2022,2022-08-22,USD,829810.8
LA500300013895,GLOBUS BANK LIMITED WIRE CLEAR,LAA,"-1,279,184.64",1279184.64,8.06,2/23/2022,2022-08-22,USD,1279184.64
LA500300013896,GLOBUS BANK LIMITED WIRE CLEAR,LAA,"-153,864.00",153864.0,8.06,2/24/2022,2022-08-23,USD,153864.0
LA500300013897,GLOBUS BANK LIMITED WIRE CLEAR,LAA,"-127,750.00",127750.0,8.07,2/25/2022,2022-08-24,USD,127750.0
LA500300013900,FBNQUEST MERCHANT BANK LIMITED,LAA,"-138,581.76",138581.76,8.57,2/25/2022,2022-08-24,USD,138581.76
LA500300013901,FBNQUEST MERCHANT BANK LIMITED,LAA,"-150,200.97",150200.97,8.57,2/25/2022,2022-08-24,USD,150200.97
LA500300013903,SUNTRUST BANK NIGERIA LIMITED,LAA,"-10,500.00",10500.0,6.55,2/28/2022,2022-06-09,USD,10500.0
LA500300013905,GLOBUS BANK LIMITED WIRE CLEAR,LAA,"-65,721.00",65721.0,8.07,3/2/2022,2022-08-29,USD,65721.0
LA500300013906,UNION BANK,LAA,"-125,460.00",125460.0,7.44,3/3/2022,2022-09-29,USD,125460.0
LA500300013907,GREENWICH MERCHANT BANK LIMITE,LAA,"-3,595.02",3595.02,7.25,3/3/2022,2022-07-12,GBP,3022.333314
LA500300013908,FIRST CITY MONUMENT BANK PLC,LAA,"-45,322.31",45322.31,5.54,3/4/2022,2022-08-30,USD,45322.31
LA500300013909,FIRST CITY MONUMENT BANK PLC,LAA,"-2,029,000.00",2029000.0,5.54,3/4/2022,2022-08-31,USD,2029000.0
LA500300013910,FIRST CITY MONUMENT BANK PLC,LAA,"-138,603.87",138603.87,5.54,3/4/2022,2022-08-31,USD,138603.87
LA500300013918,STERLING BANK PLC,LAA,"-97,707.00",97707.0,6.97,3/9/2022,2022-09-02,USD,97707.0
LA500300013922,GLOBUS BANK LIMITED WIRE CLEAR,LAA,"-167,037.95",167037.95,9.62,3/14/2022,2022-09-21,USD,167037.95
LA500300013924,GLOBUS BANK LIMITED WIRE CLEAR,LAA,"-44,500.00",44500.0,8.95,3/15/2022,2022-09-12,USD,44500.0
LA500300013925,FIRST CITY MONUMENT BANK PLC,LAA,"-899,596.25",899596.25,5.88,3/15/2022,2022-09-06,USD,899596.25
LA500300013926,FIRST CITY MONUMENT BANK PLC,LAA,"-1,042,698.00",1042698.0,5.88,3/15/2022,2022-09-06,USD,1042698.0
LA500300013927,FIRST CITY MONUMENT BANK PLC,LAA,"-476,504.73",476504.73,5.92,3/16/2022,2022-09-12,USD,476504.73
LA500300013928,FIRST CITY MONUMENT BANK PLC,LAA,"-1,228,675.40",1228675.4,5.98,3/17/2022,2022-09-06,USD,1228675.4
LA500300013929,FIRST CITY MONUMENT BANK PLC,LAA,"-1,304,663.99",1304663.99,5.98,3/17/2022,2022-09-06,USD,1304663.99
LA500300013930,FIRST CITY MONUMENT BANK PLC,LAA,"-278,757.00",278757.0,5.98,3/17/2022,2022-09-06,USD,278757.0
LA500300013932,FIRST CITY MONUMENT BANK PLC,LAA,"-471,000.00",471000.0,6,3/18/2022,2022-09-06,USD,471000.0
LA500300013933,FIRST CITY MONUMENT BANK PLC,LAA,"-97,895.12",97895.12,6,3/18/2022,2022-09-12,USD,97895.12
LA500300013937,STERLING BANK PLC,LAA,"-249,438.76",249438.76,7.02,3/21/2022,2022-07-19,USD,249438.76
LA500300013938,ACCESS BANK NIGERIA PLC,LAA,"-5,947,998.49",5947998.49,5.12,3/21/2022,2022-09-16,EUR,5920637.696946
LA500300013939,UNITED BANK FOR AFRICA PLC,LAA,"-10,258,875.00",10258875.0,4.77,3/21/2022,2022-07-15,USD,10258875.0
LA500300013940,UNITED BANK FOR AFRICA PLC,LAA,"-116,229.86",116229.86,4.77,3/21/2022,2022-07-15,USD,116229.86
LA500300013941,UNITED BANK FOR AFRICA PLC,LAA,"-128,700.00",128700.0,4.77,3/21/2022,2022-07-15,USD,128700.0
LA500300013942,UNITED BANK FOR AFRICA PLC,LAA,"-83,695.00",83695.0,4.77,3/21/2022,2022-07-15,USD,83695.0
LA500300013943,FIDELITY BANK PLC TRADING ACCO,LAA,"-11,750,000.00",11750000.0,5.84,3/22/2022,2022-09-16,USD,11750000.0
LA500300013944,FIRST CITY MONUMENT BANK PLC,LAA,"-238,000.00",238000.0,6.03,3/22/2022,2022-09-06,USD,238000.0
LA500300013945,FIRST CITY MONUMENT BANK PLC,LAA,"-1,675,431.99",1675431.99,6.03,3/22/2022,2022-09-06,USD,1675431.99
LA500300013946,FIRST CITY MONUMENT BANK PLC,LAA,"-325,000.00",325000.0,6.03,3/22/2022,2022-09-09,USD,325000.0
LA500300013949,GLOBUS BANK LIMITED WIRE CLEAR,LAA,"-793,702.80",793702.8,9.67,3/22/2022,2022-09-19,USD,793702.8
LA500300013950,UNITED BANK FOR AFRICA PLC,LAA,"-4,263,806.20",4263806.2,4.83,3/23/2022,2022-07-20,USD,4263806.2
LA500300013951,UNITED BANK FOR AFRICA PLC,LAA,"-38,204.64",38204.64,4.83,3/23/2022,2022-07-19,USD,38204.64
LA500300013952,CORONATION MERCHANT BANK,LAA,"-10,054,592.84",10054592.84,5.5,3/23/2022,2022-09-19,USD,10054592.84
LA500300013953,STERLING BANK PLC,LAA,"-213,043.62",213043.62,7.13,3/24/2022,2022-09-20,USD,213043.62
LA500300013954,STERLING BANK PLC,LAA,"-11,345.44",11345.44,7.13,3/24/2022,2022-09-20,USD,11345.44
LA500300013955,GLOBUS BANK LIMITED WIRE CLEAR,LAA,"-214,720.00",214720.0,8.78,3/24/2022,2022-09-20,USD,214720.0
LA500300013956,UNITED BANK FOR AFRICA PLC,LAA,"-3,463.11",3463.11,4.88,3/24/2022,2022-07-19,USD,3463.11
LA500300013957,FIRST CITY MONUMENT BANK PLC,LAA,"-278,757.00",278757.0,6.13,3/25/2022,2022-09-20,USD,278757.0
LA500300013958,FIRST CITY MONUMENT BANK PLC,LAA,"-53,441.09",53441.09,6.13,3/25/2022,2022-09-20,USD,53441.09
LA500300013959,FIRST CITY MONUMENT BANK PLC,LAA,"-2,849.25",2849.25,6.13,3/25/2022,2022-09-20,USD,2849.25
LA500300013960,UNION BANK,LAA,"-81,180.00",81180.0,6.63,3/25/2022,2022-07-22,USD,81180.0
LA500300013961,UNITED BANK FOR AFRICA PLC,LAA,"-25,491.86",25491.86,4.88,3/25/2022,2022-07-19,USD,25491.86
LA500300013962,GLOBUS BANK LIMITED WIRE CLEAR,LAA,"-85,116.06",85116.06,8.84,3/25/2022,2022-09-21,USD,85116.06
LA500300013963,UNITED BANK FOR AFRICA PLC,LAA,"-115,216.22",115216.22,5.13,3/25/2022,2022-07-21,USD,115216.22
LA500300013964,FBNQUEST MERCHANT BANK LIMITED,LAA,"-597,813.68",597813.68,8.83,3/28/2022,2022-09-23,USD,597813.68
LA500300013966,GLOBUS BANK LIMITED WIRE CLEAR,LAA,"-672,000.00",672000.0,8.82,3/28/2022,2022-09-16,USD,672000.0
LA500300013968,UNITED BANK FOR AFRICA PLC,LAA,"-173,490.94",173490.94,4.95,3/29/2022,2022-07-20,USD,173490.94
LA500300013969,UNITED BANK FOR AFRICA PLC,LAA,"-2,478,250.00",2478250.0,4.95,3/29/2022,2022-07-22,USD,2478250.0
LA500300013970,UNITED BANK FOR AFRICA PLC,LAA,"-147,299.14",147299.14,4.95,3/29/2022,2022-07-21,USD,147299.14
LA500300013972,FIRST CITY MONUMENT BANK PLC,LAA,"-291,339.64",291339.64,6.2,3/29/2022,2022-09-20,USD,291339.64
LA500300013973,FIRST CITY MONUMENT BANK PLC,LAA,"-158,008.00",158008.0,6.2,3/29/2022,2022-09-20,USD,158008.0
LA500300013974,FIRST CITY MONUMENT BANK PLC,LAA,"-500,000.00",500000.0,6.2,3/29/2022,2022-09-20,USD,500000.0
LA500300013975,GLOBUS BANK LIMITED WIRE CLEAR,LAA,"-127,750.00",127750.0,8.86,3/30/2022,2022-09-16,USD,127750.0
LA500300013976,UNITED BANK FOR AFRICA PLC,LAA,"-89,568.74",89568.74,4.99,3/30/2022,2022-07-22,USD,89568.74
LA500300013977,UNITED BANK FOR AFRICA PLC,LAA,"-506,549.37",506549.37,4.99,3/30/2022,2022-07-22,USD,506549.37
LA500300013980,NOVA MERCHANT BANK,LAA,"-396,000.00",396000.0,7.24,3/31/2022,2022-09-27,USD,396000.0
LA500300013981,UNITED BANK FOR AFRICA PLC,LAA,"-175,440.00",175440.0,4.99,3/31/2022,2022-07-22,USD,175440.0
LA500300013982,UNITED BANK FOR AFRICA PLC,LAA,"-81,758.82",81758.82,4.99,3/31/2022,2022-07-22,USD,81758.82
LA500300013983,UNITED BANK FOR AFRICA PLC,LAA,"-233,875.72",233875.72,4.99,3/31/2022,2022-07-22,USD,233875.72
LA500300013984,UNITED BANK FOR AFRICA PLC,LAA,"-149,014.64",149014.64,4.99,3/31/2022,2022-07-21,USD,149014.64
LA500300013985,UNITED BANK FOR AFRICA PLC,LAA,"-6,674,247.17",6674247.17,4.99,3/31/2022,2022-07-28,USD,6674247.17
LA500300013986,GLOBUS BANK LIMITED WIRE CLEAR,LAA,"-117,600.00",117600.0,8.87,4/1/2022,2022-09-28,USD,117600.0
LA500300013987,UNITED BANK FOR AFRICA PLC,LAA,"-9,226.08",9226.08,4.96,4/4/2022,2022-07-26,USD,9226.08
LA500300013988,UNITED BANK FOR AFRICA PLC,LAA,"-130,392.53",130392.53,4.96,4/4/2022,2022-07-21,USD,130392.53
LA500300013989,UNITED BANK FOR AFRICA PLC,LAA,"-53,395.50",53395.5,4.96,4/4/2022,2022-07-22,USD,53395.5
LA500300013990,UNITED BANK FOR AFRICA PLC,LAA,"-75,266.33",75266.33,4.96,4/4/2022,2022-07-29,USD,75266.33
LA500300013992,UNITED BANK FOR AFRICA PLC,LAA,"-76,100.00",76100.0,4.96,4/4/2022,2022-07-22,USD,76100.0
LA500300013993,GREENWICH MERCHANT BANK LIMITE,LAA,"-355,328.00",355328.0,7.42,4/5/2022,2022-10-21,USD,355328.0
LA500300013994,UNITED BANK FOR AFRICA PLC,LAA,"-55,322.12",55322.12,4.98,4/5/2022,2022-07-29,USD,55322.12
LA500300013996,UNITED BANK FOR AFRICA PLC,LAA,"-79,254.41",79254.41,4.98,4/5/2022,2022-07-22,USD,79254.41
LA500300013997,UNITED BANK FOR AFRICA PLC,LAA,"-3,485,460.26",3485460.26,4.99,4/6/2022,2022-08-03,USD,3485460.26
LA500300013998,UNITED BANK FOR AFRICA PLC,LAA,"-248,861.75",248861.75,4.99,4/6/2022,2022-07-28,USD,248861.75
LA500300013999,UNION BANK,LAA,"-627,900.00",627900.0,8.43,4/6/2022,2022-10-03,USD,627900.0
LA500300014001,UNITED BANK FOR AFRICA PLC,LAA,"-138,857.05",138857.05,4.99,4/6/2022,2022-07-28,USD,138857.05
LA500300014002,GLOBUS BANK LIMITED WIRE CLEAR,LAA,"-202,675.00",202675.0,8.89,4/7/2022,2022-10-04,USD,202675.0
LA500300014004,UNITED BANK FOR AFRICA PLC,LAA,"-255,150.00",255150.0,4.97,4/7/2022,2022-07-29,USD,255150.0
LA500300014005,UNITED BANK FOR AFRICA PLC,LAA,"-14,243.91",14243.91,4.97,4/7/2022,2022-07-29,USD,14243.91
LA500300014006,GLOBUS BANK LIMITED WIRE CLEAR,LAA,"-204,015.00",204015.0,8.96,4/8/2022,2022-10-05,USD,204015.0
LA500300014009,FBNQUEST MERCHANT BANK LIMITED,LAA,"-121,480.00",121480.0,9.05,4/11/2022,2022-10-07,USD,121480.0
LA500300014010,FBNQUEST MERCHANT BANK LIMITED,LAA,"-139,480.00",139480.0,9.05,4/11/2022,2022-10-07,USD,139480.0
LA500300014011,UNITED BANK FOR AFRICA PLC,LAA,"-408,241.23",408241.23,5.29,4/12/2022,2022-08-05,USD,408241.23
LA500300014012,WEMA BANK PLC.,LAA,"-89,280.00",89280.0,7.29,4/12/2022,2022-08-10,USD,89280.0
LA500300014013,WEMA BANK PLC.,LAA,"-89,280.00",89280.0,7.29,4/12/2022,2022-08-10,USD,89280.0
LA500300014014,FIRST CITY MONUMENT BANK PLC,LAA,"-16,139.08",16139.08,6.3,4/13/2022,2022-10-07,USD,16139.08
LA500300014015,FIRST CITY MONUMENT BANK PLC,LAA,"-12,046.27",12046.27,6.3,4/13/2022,2022-10-07,USD,12046.27
LA500300014018,GLOBUS BANK LIMITED WIRE CLEAR,LAA,"-50,916.97",50916.97,6.78,4/14/2022,2022-07-13,USD,50916.97
LA500300014019,GLOBUS BANK LIMITED WIRE CLEAR,LAA,"-153,000.00",153000.0,6.78,4/14/2022,2022-07-13,USD,153000.0
LA500300014021,FIRST CITY MONUMENT BANK PLC,LAA,"-123,882.00",123882.0,6.3,4/15/2022,2022-10-10,USD,123882.0
LA500300014022,FIRST CITY MONUMENT BANK PLC,LAA,"-52,404.50",52404.5,6.3,4/15/2022,2022-10-10,USD,52404.5
LA500300014023,FIRST CITY MONUMENT BANK PLC,LAA,"-135,429.69",135429.69,6.3,4/15/2022,2022-10-10,USD,135429.69
LA500300014024,FIRST CITY MONUMENT BANK PLC,LAA,"-35,000.00",35000.0,6.3,4/15/2022,2022-10-10,USD,35000.0
LA500300014025,CORONATION MERCHANT BANK,LAA,"-328,320.00",328320.0,7.3,4/15/2022,2022-09-12,USD,328320.0
LA500300014027,GLOBUS BANK LIMITED WIRE CLEAR,LAA,"-146,641.98",146641.98,6.79,4/15/2022,2022-07-14,USD,146641.98
LA500300014028,UNITED BANK FOR AFRICA PLC,LAA,"-415,800.00",415800.0,5.05,4/18/2022,2022-08-04,USD,415800.0
LA500300014029,UNITED BANK FOR AFRICA PLC,LAA,"-400,330.46",400330.46,5.05,4/18/2022,2022-08-04,USD,400330.46
LA500300014030,UNITED BANK FOR AFRICA PLC,LAA,"-87,061.70",87061.7,5.05,4/19/2022,2022-08-09,USD,87061.7
LA500300014031,FIRST CITY MONUMENT BANK PLC,LAA,"-3,666.75",3666.75,6.3,4/19/2022,2022-10-14,USD,3666.75
LA500300014032,STERLING BANK PLC,LAA,"-97,520.05",97520.05,6.81,4/19/2022,2022-07-15,USD,97520.05
LA500300014033,STERLING BANK PLC,LAA,"-68,705.13",68705.13,6.81,4/19/2022,2022-07-15,USD,68705.13
LA500300014034,UNITED BANK FOR AFRICA PLC,LAA,"-1,200,107.71",1200107.71,5.05,4/20/2022,2022-08-18,USD,1200107.71
LA500300014035,GLOBUS BANK LIMITED WIRE CLEAR,LAA,"-699,215.17",699215.17,6.81,4/20/2022,2022-07-19,USD,699215.17
LA500300014036,GLOBUS BANK LIMITED WIRE CLEAR,LAA,"-46,096.00",46096.0,6.81,4/20/2022,2022-07-19,USD,46096.0
LA500300014037,GLOBUS BANK LIMITED WIRE CLEAR,LAA,"-58,290.00",58290.0,6.81,4/20/2022,2022-07-19,USD,58290.0
LA500300014038,FIRST CITY MONUMENT BANK PLC,LAA,"-29,711.43",29711.43,6.35,4/21/2022,2022-10-17,USD,29711.43
LA500300014039,FIRST CITY MONUMENT BANK PLC,LAA,"-39,140.47",39140.47,6.35,4/21/2022,2022-10-17,USD,39140.47
LA500300014040,UNITED BANK FOR AFRICA PLC,LAA,"-545,888.37",545888.37,5.1,4/21/2022,2022-08-17,USD,545888.37
LA500300014041,UNITED BANK FOR AFRICA PLC,LAA,"-1,266,215.83",1266215.83,5.1,4/21/2022,2022-08-17,USD,1266215.83
LA500300014042,UNITED BANK FOR AFRICA PLC,LAA,"-149,013.66",149013.66,5.17,4/22/2022,2022-08-17,USD,149013.66
LA500300014043,UNITED BANK FOR AFRICA PLC,LAA,"-683,574.54",683574.54,5.17,4/22/2022,2022-08-17,USD,683574.54
LA500300014044,UNITED BANK FOR AFRICA PLC,LAA,"-527,475.56",527475.56,5.17,4/22/2022,2022-08-17,USD,527475.56
LA500300014045,UNITED BANK FOR AFRICA PLC,LAA,"-402,500.63",402500.63,5.17,4/22/2022,2022-08-12,USD,402500.63
LA500300014046,UNITED BANK FOR AFRICA PLC,LAA,"-317,712.89",317712.89,5.17,4/22/2022,2022-08-17,USD,317712.89
LA500300014047,UNITED BANK FOR AFRICA PLC,LAA,"-1,280,310.59",1280310.59,5.17,4/22/2022,2022-08-17,USD,1280310.59
LA500300014048,UNITED BANK FOR AFRICA PLC,LAA,"-429,200.00",429200.0,5.17,4/22/2022,2022-08-12,USD,429200.0
LA500300014049,UNITED BANK FOR AFRICA PLC,LAA,"-819,259.30",819259.3,5.22,4/25/2022,2022-08-12,USD,819259.3
LA500300014050,UNITED BANK FOR AFRICA PLC,LAA,"-106,250.00",106250.0,5.22,4/25/2022,2022-08-23,USD,106250.0
LA500300014051,FIRST CITY MONUMENT BANK PLC,LAA,"-13,567.56",13567.56,6.47,4/25/2022,2022-10-17,USD,13567.56
LA500300014052,GLOBUS BANK LIMITED WIRE CLEAR,LAA,"-39,303.04",39303.04,6.96,4/26/2022,2022-07-25,USD,39303.04
LA500300014053,GLOBUS BANK LIMITED WIRE CLEAR,LAA,"-48,170.00",48170.0,6.97,4/27/2022,2022-07-26,USD,48170.0
LA500300014054,GREENWICH MERCHANT BANK LIMITE,LAA,"-153,000.00",153000.0,7.07,4/28/2022,2022-10-21,USD,153000.0
LA500300014055,UNITED BANK FOR AFRICA PLC,LAA,"-207,808.04",207808.04,5.32,4/29/2022,2022-08-23,USD,207808.04
LA500300014056,STERLING BANK PLC,LAA,"-46,310.47",46310.47,7.84,5/2/2022,2022-10-28,USD,46310.47
LA500300014057,UNITED BANK FOR AFRICA PLC,LAA,"-80,209.78",80209.78,5.59,5/2/2022,2022-08-25,USD,80209.78
LA500300014058,UNITED BANK FOR AFRICA PLC,LAA,"-46,775.73",46775.73,5.41,5/4/2022,2022-08-23,USD,46775.73
LA500300014059,GLOBUS BANK LIMITED WIRE CLEAR,LAA,"-60,800.00",60800.0,7.08,5/4/2022,2022-08-02,USD,60800.0
LA500300014060,STERLING BANK PLC,LAA,"-56,693.94",56693.94,7.91,5/4/2022,2022-10-31,USD,56693.94
LA500300014061,UNITED BANK FOR AFRICA PLC,LAA,"-416,145.60",416145.6,5.41,5/4/2022,2022-08-25,USD,416145.6
LA500300014062,UNITED BANK FOR AFRICA PLC,LAA,"-40,555.00",40555.0,5.41,5/4/2022,2022-08-23,USD,40555.0
LA500300014063,CORONATION MERCHANT BANK,LAA,"-514,663.00",514663.0,7.73,5/5/2022,2022-10-03,USD,514663.0
LA500300014064,UNITED BANK FOR AFRICA PLC,LAA,"-83,839.85",83839.85,5.48,5/5/2022,2022-08-26,USD,83839.85
LA500300014065,UNITED BANK FOR AFRICA PLC,LAA,"-868,056.32",868056.32,5.48,5/5/2022,2022-08-25,USD,868056.32
LA500300014066,UNITED BANK FOR AFRICA PLC,LAA,"-122,457.80",122457.8,5.48,5/5/2022,2022-08-26,USD,122457.8
LA500300014067,UNITED BANK FOR AFRICA PLC,LAA,"-151,140.00",151140.0,5.51,5/6/2022,2022-08-05,USD,151140.0
LA500300014068,CORONATION MERCHANT BANK,LAA,"-84,046.63",84046.63,7.15,5/6/2022,2022-08-04,USD,84046.63
LA500300014069,UNITED BANK FOR AFRICA PLC,LAA,"-84,500.00",84500.0,5.46,5/10/2022,2022-08-25,USD,84500.0
LA500300014070,UNITED BANK FOR AFRICA PLC,LAA,"-85,621.52",85621.52,5.46,5/10/2022,2022-08-26,USD,85621.52
LA500300014071,UNITED BANK FOR AFRICA PLC,LAA,"-446,825.45",446825.45,5.46,5/10/2022,2022-08-23,USD,446825.45
LA500300014072,UNITED BANK FOR AFRICA PLC,LAA,"-232,667.94",232667.94,5.46,5/10/2022,2022-08-26,USD,232667.94
LA500300014073,UNITED BANK FOR AFRICA PLC,LAA,"-40,897.17",40897.17,5.73,5/11/2022,2022-08-26,USD,40897.17
LA500300014074,GLOBUS BANK LIMITED WIRE CLEAR,LAA,"-36,270.00",36270.0,7.14,5/12/2022,2022-08-10,USD,36270.0
LA500300014075,FBNQUEST MERCHANT BANK LIMITED,LAA,"-16,069.00",16069.0,7.14,5/12/2022,2022-08-10,USD,16069.0
LA500300014077,FBNQUEST MERCHANT BANK LIMITED,LAA,"-328,507.24",328507.24,7.14,5/12/2022,2022-08-10,USD,328507.24
LA500300014078,WEMA BANK PLC.,LAA,"-166,377.75",166377.75,6.6,5/13/2022,2022-05-27,USD,166377.75
LA500300014079,UNITED BANK FOR AFRICA PLC,LAA,"-359,521.35",359521.35,4.92,5/13/2022,2022-08-04,USD,359521.35
LA500300014080,UNITED BANK FOR AFRICA PLC,LAA,"-6,085.27",6085.27,4.92,5/13/2022,2022-08-05,USD,6085.27
LA500300014081,UNITED BANK FOR AFRICA PLC,LAA,"-144,425.16",144425.16,5.46,5/13/2022,2022-08-26,USD,144425.16
LA500300014082,UNITED BANK FOR AFRICA PLC,LAA,"-225,040.00",225040.0,4.92,5/13/2022,2022-08-05,USD,225040.0
LA500300014084,UNITED BANK FOR AFRICA PLC,LAA,"-381,830.04",381830.04,5.7,5/16/2022,2022-08-17,USD,381830.04
LA500300014085,FBNQUEST MERCHANT BANK LIMITED,LAA,"-282,816.00",282816.0,7.7,5/16/2022,2022-08-15,USD,282816.0
LA500300014086,FBNQUEST MERCHANT BANK LIMITED,LAA,"-282,816.00",282816.0,7.7,5/16/2022,2022-08-15,USD,282816.0
LA500300014087,FBNQUEST MERCHANT BANK LIMITED,LAA,"-13,352.44",13352.44,7.7,5/16/2022,2022-08-15,USD,13352.44
LA500300014089,FBNQUEST MERCHANT BANK LIMITED,LAA,"-430,976.00",430976.0,7.7,5/16/2022,2022-08-15,USD,430976.0
LA500300014090,FBNQUEST MERCHANT BANK LIMITED,LAA,"-430,976.00",430976.0,7.7,5/16/2022,2022-08-15,USD,430976.0
LA500300014091,UNITED BANK FOR AFRICA PLC,LAA,"-135,558.50",135558.5,5.74,5/17/2022,2022-09-09,USD,135558.5
LA500300014092,UNITED BANK FOR AFRICA PLC,LAA,"-107,480.00",107480.0,4.94,5/17/2022,2022-08-05,USD,107480.0
LA500300014093,UNITED BANK FOR AFRICA PLC,LAA,"-143,280.00",143280.0,4.94,5/17/2022,2022-08-04,USD,143280.0
LA500300014094,UNITED BANK FOR AFRICA PLC,LAA,"-72,578.40",72578.4,4.94,5/17/2022,2022-08-12,USD,72578.4
LA500300014095,UNITED BANK FOR AFRICA PLC,LAA,"-71,100.00",71100.0,4.94,5/17/2022,2022-08-09,USD,71100.0
LA500300014096,UNITED BANK FOR AFRICA PLC,LAA,"-40,248.90",40248.9,5.49,5/17/2022,2022-08-26,USD,40248.9
LA500300014098,UNITED BANK FOR AFRICA PLC,LAA,"-3,269,404.25",3269404.25,5.51,5/18/2022,2022-08-26,USD,3269404.25
LA500300014099,UNITED BANK FOR AFRICA PLC,LAA,"-58,515.42",58515.42,5.51,5/18/2022,2022-08-23,USD,58515.42
LA500300014100,UNITED BANK FOR AFRICA PLC,LAA,"-130,196.75",130196.75,5.76,5/18/2022,2022-09-14,USD,130196.75
LA500300014101,UNITED BANK FOR AFRICA PLC,LAA,"-49,312.52",49312.52,5.51,5/18/2022,2022-08-26,USD,49312.52
LA500300014102,CORONATION MERCHANT BANK,LAA,"-37,617.00",37617.0,6.75,5/19/2022,2022-11-15,USD,37617.0
LA500300014103,CORONATION MERCHANT BANK,LAA,"-127,975.00",127975.0,6.75,5/19/2022,2022-11-15,USD,127975.0
LA500300014104,CORONATION MERCHANT BANK,LAA,"-461,977.84",461977.84,6.75,5/19/2022,2022-11-15,USD,461977.84
LA500300014105,CORONATION MERCHANT BANK,LAA,"-93,029.00",93029.0,6.75,5/19/2022,2022-11-15,USD,93029.0
LA500300014106,FBNQUEST MERCHANT BANK LIMITED,LAA,"-416,470.28",416470.28,7.22,5/20/2022,2022-08-18,USD,416470.28
LA500300014107,FBNQUEST MERCHANT BANK LIMITED,LAA,"-120,800.00",120800.0,7.22,5/20/2022,2022-08-18,USD,120800.0
LA500300014108,FBNQUEST MERCHANT BANK LIMITED,LAA,"-201,296.60",201296.6,7.22,5/20/2022,2022-08-18,USD,201296.6
LA500300014109,FBNQUEST MERCHANT BANK LIMITED,LAA,"-346,367.26",346367.26,7.22,5/20/2022,2022-08-18,USD,346367.26
LA500300014110,FBNQUEST MERCHANT BANK LIMITED,LAA,"-471,500.00",471500.0,7.22,5/20/2022,2022-08-18,USD,471500.0
LA500300014111,UNITED BANK FOR AFRICA PLC,LAA,"-54,489.34",54489.34,5.22,5/20/2022,2022-07-20,USD,54489.34
LA500300014112,CORONATION MERCHANT BANK,LAA,"-1,000,000.00",1000000.0,6.78,5/20/2022,2022-11-16,USD,1000000.0
LA500300014113,UNITED BANK FOR AFRICA PLC,LAA,"-60,100.00",60100.0,5.52,5/23/2022,2022-08-26,USD,60100.0
LA500300014114,UNITED BANK FOR AFRICA PLC,LAA,"-59,600.00",59600.0,5.52,5/23/2022,2022-08-26,USD,59600.0
LA500300014115,UNITED BANK FOR AFRICA PLC,LAA,"-79,200.00",79200.0,5.52,5/23/2022,2022-08-26,USD,79200.0
LA500300014117,NOVA MERCHANT BANK,LAA,"-2,875,981.06",2875981.06,8.48,5/24/2022,2022-11-21,USD,2875981.06
LA500300014118,NOVA MERCHANT BANK,LAA,"-1,078,000.00",1078000.0,8.48,5/24/2022,2022-11-21,USD,1078000.0
LA500300014119,STERLING BANK PLC,LAA,"-693,715.00",693715.0,7.81,5/24/2022,2022-11-18,USD,693715.0
LA500300014120,STERLING BANK PLC,LAA,"-152,412.32",152412.32,7.81,5/24/2022,2022-11-18,USD,152412.32
LA500300014121,STERLING BANK PLC,LAA,"-115,360.00",115360.0,7.81,5/24/2022,2022-11-18,USD,115360.0
LA500300014122,STERLING BANK PLC,LAA,"-261,040.00",261040.0,7.81,5/24/2022,2022-11-18,USD,261040.0
LA500300014123,GLOBUS BANK LIMITED WIRE CLEAR,LAA,"-353,780.00",353780.0,7.27,5/25/2022,2022-08-23,USD,353780.0
LA500300014124,STERLING BANK PLC,LAA,"-94,880.00",94880.0,7.81,5/25/2022,2022-11-21,USD,94880.0
LA500300014125,UNITED BANK FOR AFRICA PLC,LAA,"-2,156,000.00",2156000.0,5.81,5/25/2022,2022-09-16,USD,2156000.0
LA500300014126,UNITED BANK FOR AFRICA PLC,LAA,"-425,563.82",425563.82,5.81,5/25/2022,2022-09-16,USD,425563.82
LA500300014127,UNITED BANK FOR AFRICA PLC,LAA,"-234,000.00",234000.0,5.81,5/25/2022,2022-09-16,USD,234000.0
LA500300014129,FBNQUEST MERCHANT BANK LIMITED,LAA,"-528,840.00",528840.0,7.28,5/26/2022,2022-08-24,USD,528840.0
LA500300014130,STERLING BANK PLC,LAA,"-2,000,000.00",2000000.0,7.8,5/27/2022,2022-11-23,USD,2000000.0
LA500300014131,UNITED BANK FOR AFRICA PLC,LAA,"-2,130,520.00",2130520.0,5.8,5/27/2022,2022-09-16,USD,2130520.0
LA500300014132,CORONATION MERCHANT BANK,LAA,"-235,158.67",235158.67,7.8,5/27/2022,2022-10-24,USD,235158.67
LA500300014133,UNITED BANK FOR AFRICA PLC,LAA,"-40,000.00",40000.0,5.3,5/27/2022,2022-07-18,USD,40000.0
LA500300014134,GLOBUS BANK LIMITED WIRE CLEAR,LAA,"-110,575.91",110575.91,7.32,5/31/2022,2022-08-29,USD,110575.91
LA500300014135,FIRST CITY MONUMENT BANK PLC,LAA,"-1,040,000.00",1040000.0,6.82,5/31/2022,2022-11-25,USD,1040000.0
LA500300014136,GLOBUS BANK LIMITED WIRE CLEAR,LAA,"-92,500.00",92500.0,7.32,5/31/2022,2022-08-29,USD,92500.0
LA500300014137,STERLING BANK PLC,LAA,"-99,450.00",99450.0,7.83,6/1/2022,2022-09-29,USD,99450.0
LA500300014138,STERLING BANK PLC,LAA,"-99,450.00",99450.0,7.83,6/1/2022,2022-09-29,USD,99450.0
LA500300014139,FIRST CITY MONUMENT BANK PLC,LAA,"-81,750.00",81750.0,6.83,6/1/2022,2022-11-28,USD,81750.0
LA500300014141,CORONATION MERCHANT BANK,LAA,"-156,125.70",156125.7,7.85,6/2/2022,2022-10-31,USD,156125.7
LA500300014142,FIRST CITY MONUMENT BANK PLC,LAA,"-518,841.48",518841.48,6.85,6/2/2022,2022-11-22,USD,518841.48
LA500300014143,FBNQUEST MERCHANT BANK LIMITED,LAA,"-14,204.85",14204.85,7.36,6/2/2022,2022-08-31,USD,14204.85
LA500300014144,UNITED BANK FOR AFRICA PLC,LAA,"-70,185.86",70185.86,5.36,6/2/2022,2022-08-25,USD,70185.86
LA500300014145,UNITED BANK FOR AFRICA PLC,LAA,"-722,304.00",722304.0,5.85,6/2/2022,2022-09-27,USD,722304.0
LA500300014146,UNITED BANK FOR AFRICA PLC,LAA,"-152,851.20",152851.2,5.6,6/3/2022,2022-09-23,USD,152851.2
LA500300014147,FBNQUEST MERCHANT BANK LIMITED,LAA,"-201,900.00",201900.0,7.85,6/7/2022,2022-09-06,USD,201900.0
LA500300014148,FBNQUEST MERCHANT BANK LIMITED,LAA,"-211,900.00",211900.0,7.85,6/7/2022,2022-09-06,USD,211900.0
LA500300014149,UNITED BANK FOR AFRICA PLC,LAA,"-76,100.00",76100.0,5.12,6/7/2022,2022-08-04,USD,76100.0
LA500300014150,GLOBUS BANK LIMITED WIRE CLEAR,LAA,"-187,880.80",187880.8,7.85,6/7/2022,2022-09-06,USD,187880.8
LA500300014151,UNITED BANK FOR AFRICA PLC,LAA,"-348,277.59",348277.59,5.12,6/7/2022,2022-08-23,USD,348277.59
LA500300014152,GLOBUS BANK LIMITED WIRE CLEAR,LAA,"-214,720.00",214720.0,7.85,6/7/2022,2022-09-06,USD,214720.0
LA500300014153,STERLING BANK PLC,LAA,"-97,412.28",97412.28,7.93,6/8/2022,2022-12-05,USD,97412.28
LA500300014154,UNITED BANK FOR AFRICA PLC,LAA,"-76,917.50",76917.5,5.41,6/8/2022,2022-08-25,USD,76917.5
LA500300014155,STERLING BANK PLC,LAA,"-237,623.54",237623.54,7.93,6/8/2022,2022-12-05,USD,237623.54
LA500300014156,FIRST CITY MONUMENT BANK PLC,LAA,"-2,840,000.00",2840000.0,6.98,6/9/2022,2022-12-06,USD,2840000.0
LA500300014157,STERLING BANK PLC,LAA,"-391,202.25",391202.25,7.98,6/9/2022,2022-12-06,USD,391202.25
LA500300014158,UNITED BANK FOR AFRICA PLC,LAA,"-172,650.00",172650.0,5.79,6/13/2022,2022-10-04,USD,172650.0
LA500300014159,GLOBUS BANK LIMITED WIRE CLEAR,LAA,"-45,710.00",45710.0,7.49,6/14/2022,2022-09-12,USD,45710.0
LA500300014160,STERLING BANK PLC,LAA,"-148,024.21",148024.21,8.26,6/15/2022,2022-12-12,USD,148024.21
LA500300014161,ACCESS BANK NIGERIA PLC,LAA,"-84,660.00",84660.0,6.57,6/15/2022,2022-09-13,USD,84660.0
LA500300014162,ACCESS BANK NIGERIA PLC,LAA,"-84,660.00",84660.0,6.57,6/15/2022,2022-09-13,USD,84660.0
LA500300014163,ACCESS BANK NIGERIA PLC,LAA,"-84,660.00",84660.0,6.57,6/15/2022,2022-09-13,USD,84660.0
LA500300014164,FIRST CITY MONUMENT BANK PLC,LAA,"-434,059.86",434059.86,7.49,6/17/2022,2022-12-13,USD,434059.86
LA500300014165,FIRST CITY MONUMENT BANK PLC,LAA,"-44,404.00",44404.0,7.49,6/17/2022,2022-12-13,USD,44404.0
LA500300014166,NOVA MERCHANT BANK,LAA,"-326,119.55",326119.55,8.49,6/17/2022,2022-12-14,USD,326119.55
LA500300014167,GLOBUS BANK LIMITED WIRE CLEAR,LAA,"-111,049.14",111049.14,7.77,6/17/2022,2022-09-15,USD,111049.14
LA500300014168,FBNQUEST MERCHANT BANK LIMITED,LAA,"-254,330.00",254330.0,7.81,6/21/2022,2022-09-19,USD,254330.0
LA500300014169,CORONATION MERCHANT BANK,LAA,"-236,241.02",236241.02,8.53,6/22/2022,2022-11-21,USD,236241.02
LA500300014171,FIRST CITY MONUMENT BANK PLC,LAA,"-72,330.00",72330.0,7.59,6/23/2022,2022-12-19,USD,72330.0
LA500300014173,FIRST CITY MONUMENT BANK PLC,LAA,"-345,479.01",345479.01,7.59,6/23/2022,2022-12-19,USD,345479.01
LA500300014174,CORONATION MERCHANT BANK,LAA,"-365,985.57",365985.57,9.21,6/15/2022,2022-08-12,USD,365985.57
LA500300014175,CORONATION MERCHANT BANK,LAA,"-1,683,471.20",1683471.2,9.21,6/15/2022,2022-08-12,USD,1683471.2
LA500300014176,CORONATION MERCHANT BANK,LAA,"-1,742,112.00",1742112.0,9.21,6/15/2022,2022-08-12,USD,1742112.0
LA500300014177,CORONATION MERCHANT BANK,LAA,"-1,755,728.00",1755728.0,9.21,6/15/2022,2022-08-12,USD,1755728.0
LA500300014178,CORONATION MERCHANT BANK,LAA,"-1,855,923.36",1855923.36,9.21,6/15/2022,2022-08-12,USD,1855923.36
LA500300014179,CORONATION MERCHANT BANK,LAA,"-168,249.60",168249.6,9.21,6/15/2022,2022-08-12,USD,168249.6
LA500300014181,GLOBUS BANK LIMITED WIRE CLEAR,LAA,"-64,226.00",64226.0,8.91,6/10/2022,2022-09-08,USD,64226.0
LA500300014182,GLOBUS BANK LIMITED WIRE CLEAR,LAA,"-21,448.00",21448.0,8.91,6/10/2022,2022-09-08,USD,21448.0
LA500300014183,GLOBUS BANK LIMITED WIRE CLEAR,LAA,"-605,538.39",605538.39,8.26,6/10/2022,2022-09-08,USD,605538.39
LA500300014184,GLOBUS BANK LIMITED WIRE CLEAR,LAA,"-73,022.50",73022.5,8.51,6/15/2022,2022-09-13,USD,73022.5
LA500300014185,GLOBUS BANK LIMITED WIRE CLEAR,LAA,"-408,971.06",408971.06,8.26,6/10/2022,2022-09-08,USD,408971.06
LA500300014186,GLOBUS BANK LIMITED WIRE CLEAR,LAA,"-192,773.66",192773.66,7.98,6/28/2022,2022-09-26,USD,192773.66
LA500300014187,GLOBUS BANK LIMITED WIRE CLEAR,LAA,"-231,517.00",231517.0,7.98,6/28/2022,2022-09-26,USD,231517.0
LA500300014188,FBNQUEST MERCHANT BANK LIMITED,LAA,"-965,748.43",965748.43,7.73,6/29/2022,2022-09-27,USD,965748.43
LA500300014189,FBNQUEST MERCHANT BANK LIMITED,LAA,"-42,760.00",42760.0,7.73,6/29/2022,2022-09-27,USD,42760.0
LA500300014190,CORONATION MERCHANT BANK,LAA,"-410,160.00",410160.0,8.32,6/29/2022,2022-12-27,USD,410160.0
LA500300014191,UNITED BANK FOR AFRICA PLC,LAA,"-483,238.40",483238.4,6.37,6/30/2022,2022-10-27,USD,483238.4
LA500300014192,UNITED BANK FOR AFRICA PLC,LAA,"-488,710.40",488710.4,6.37,6/30/2022,2022-10-27,USD,488710.4
LA500300014193,GREENWICH MERCHANT BANK LIMITE,LAA,"-9,517.17",9517.17,8,6/30/2022,2022-09-28,USD,9517.17
LA500300014194,TITAN TRUST BANK LIMITED EUR E,LAA,"-4,930,200.00",4930200.0,6.54,7/6/2022,2022-09-28,USD,4930200.0
LA500300014195,GLOBUS BANK LIMITED WIRE CLEAR,LAA,"-106,408.16",106408.16,6.64,7/8/2022,2022-10-06,USD,106408.16
LA500300014196,FIRSTRAND BANK LIMITED,LAA,"-50,000,000.00",50000000.0,4.87,7/7/2022,2022-09-06,USD,50000000.0
USD50011210002,DUE FROM FRB - CLEARING NOSTRO,OAB,"-300,490,905.39",300490905.39,0,7/1/2008,2022-07-14,USD,300490905.39
USD50011210003,DUE FROM FRB - CCOLL NON INT,OAB,"-360,000.00",360000.0,0,6/1/2021,2022-07-14,USD,360000.0
USD50011213001,STANDARD CHARTERED BANK - NYB,OAB,"421,738.69",-421738.69,0,5/21/2009,2022-07-14,USD,-421738.69
XAF50011216001,NOSTRO-UBA CAMERON,OAB,"-145,002.00",145002.0,0,2/15/2019,2022-07-14,XAF,94680085.4142
XOF50011216001,NOSTRO-UBA SENEGAL,OAB,"-1,817,442,498.00",1817442498.0,0,2/15/2019,2022-07-14,XOF,1186711982910.8357
DDA,DDA,DDA,,,,,,,-853843823.404682
